period,duoarea,area-name,product,product-name,process,process-name,series,series-description,value,units
2023-01-03,RGC,NA,EPG0,Natural Gas,PS0,Spot Price,RNGWHHD,Henry Hub Natural Gas Spot Price (Dollars per Million Btu),3.64,$/MMBTU
2023-01-04,RGC,NA,EPG0,Natural Gas,PS0,Spot Price,RNGWHHD,Henry Hub Natural Gas Spot Price (Dollars per Million Btu),3.75,$/MMBTU
2023-01-05,RGC,NA,EPG0,Natural Gas,PS0,Spot Price,RNGWHHD,Henry Hub Natural Gas Spot Price (Dollars per Million Btu),3.78,$/MMBTU
2023-01-06,RGC,NA,EPG0,Natural Gas,PS0,Spot Price,RNGWHHD,Henry Hub Natural Gas Spot Price (Dollars per Million Btu),3.43,$/MMBTU
2023-01-09,RGC,NA,EPG0,Natural Gas,PS0,Spot Price,RNGWHHD,Henry Hub Natural Gas Spot Price (Dollars per Million Btu),3.65,$/MMBTU
2023-01-10,RGC,NA,EPG0,Natural Gas,PS0,Spot Price,RNGWHHD,Henry Hub Natural Gas Spot Price (Dollars per Million Btu),3.32,$/MMBTU
2023-01-11,RGC,NA,EPG0,Natural Gas,PS0,Spot Price,RNGWHHD,Henry Hub Natural Gas Spot Price (Dollars per Million Btu),3.41,$/MMBTU
2023-01-12,RGC,NA,EPG0,Natural Gas,PS0,Spot Price,RNGWHHD,Henry Hub Natural Gas Spot Price (Dollars per Million Btu),3.47,$/MMBTU
2023-01-13,RGC,NA,EPG0,Natural Gas,PS0,Spot Price,RNGWHHD,Henry Hub Natural Gas Spot Price (Dollars per Million Btu),3.43,$/MMBTU
2023-01-17,RGC,NA,EPG0,Natural Gas,PS0,Spot Price,RNGWHHD,Henry Hub Natural Gas Spot Price (Dollars per Million Btu),3.43,$/MMBTU
2023-01-18,RGC,NA,EPG0,Natural Gas,PS0,Spot Price,RNGWHHD,Henry Hub Natural Gas Spot Price (Dollars per Million Btu),3.2,$/MMBTU
2023-01-19,RGC,NA,EPG0,Natural Gas,PS0,Spot Price,RNGWHHD,Henry Hub Natural Gas Spot Price (Dollars per Million Btu),2.91,$/MMBTU
2023-01-20,RGC,NA,EPG0,Natural Gas,PS0,Spot Price,RNGWHHD,Henry Hub Natural Gas Spot Price (Dollars per Million Btu),3.15,$/MMBTU
2023-01-23,RGC,NA,EPG0,Natural Gas,PS0,Spot Price,RNGWHHD,Henry Hub Natural Gas Spot Price (Dollars per Million Btu),3.43,$/MMBTU
2023-01-24,RGC,NA,EPG0,Natural Gas,PS0,Spot Price,RNGWHHD,Henry Hub Natural Gas Spot Price (Dollars per Million Btu),3.35,$/MMBTU
2023-01-25,RGC,NA,EPG0,Natural Gas,PS0,Spot Price,RNGWHHD,Henry Hub Natural Gas Spot Price (Dollars per Million Btu),3.09,$/MMBTU
2023-01-26,RGC,NA,EPG0,Natural Gas,PS0,Spot Price,RNGWHHD,Henry Hub Natural Gas Spot Price (Dollars per Million Btu),2.72,$/MMBTU
2023-01-27,RGC,NA,EPG0,Natural Gas,PS0,Spot Price,RNGWHHD,Henry Hub Natural Gas Spot Price (Dollars per Million Btu),2.83,$/MMBTU
2023-01-30,RGC,NA,EPG0,Natural Gas,PS0,Spot Price,RNGWHHD,Henry Hub Natural Gas Spot Price (Dollars per Million Btu),2.82,$/MMBTU
2023-01-31,RGC,NA,EPG0,Natural Gas,PS0,Spot Price,RNGWHHD,Henry Hub Natural Gas Spot Price (Dollars per Million Btu),2.65,$/MMBTU
2023-02-01,RGC,NA,EPG0,Natural Gas,PS0,Spot Price,RNGWHHD,Henry Hub Natural Gas Spot Price (Dollars per Million Btu),2.65,$/MMBTU
2023-02-02,RGC,NA,EPG0,Natural Gas,PS0,Spot Price,RNGWHHD,Henry Hub Natural Gas Spot Price (Dollars per Million Btu),2.67,$/MMBTU
2023-02-03,RGC,NA,EPG0,Natural Gas,PS0,Spot Price,RNGWHHD,Henry Hub Natural Gas Spot Price (Dollars per Million Btu),2.4,$/MMBTU
2023-02-06,RGC,NA,EPG0,Natural Gas,PS0,Spot Price,RNGWHHD,Henry Hub Natural Gas Spot Price (Dollars per Million Btu),2.17,$/MMBTU
2023-02-07,RGC,NA,EPG0,Natural Gas,PS0,Spot Price,RNGWHHD,Henry Hub Natural Gas Spot Price (Dollars per Million Btu),2.35,$/MMBTU
2023-02-08,RGC,NA,EPG0,Natural Gas,PS0,Spot Price,RNGWHHD,Henry Hub Natural Gas Spot Price (Dollars per Million Btu),2.4,$/MMBTU
2023-02-09,RGC,NA,EPG0,Natural Gas,PS0,Spot Price,RNGWHHD,Henry Hub Natural Gas Spot Price (Dollars per Million Btu),2.4,$/MMBTU
2023-02-10,RGC,NA,EPG0,Natural Gas,PS0,Spot Price,RNGWHHD,Henry Hub Natural Gas Spot Price (Dollars per Million Btu),2.37,$/MMBTU
2023-02-13,RGC,NA,EPG0,Natural Gas,PS0,Spot Price,RNGWHHD,Henry Hub Natural Gas Spot Price (Dollars per Million Btu),2.42,$/MMBTU
2023-02-14,RGC,NA,EPG0,Natural Gas,PS0,Spot Price,RNGWHHD,Henry Hub Natural Gas Spot Price (Dollars per Million Btu),2.42,$/MMBTU
2023-02-15,RGC,NA,EPG0,Natural Gas,PS0,Spot Price,RNGWHHD,Henry Hub Natural Gas Spot Price (Dollars per Million Btu),2.45,$/MMBTU
2023-02-16,RGC,NA,EPG0,Natural Gas,PS0,Spot Price,RNGWHHD,Henry Hub Natural Gas Spot Price (Dollars per Million Btu),2.48,$/MMBTU
2023-02-17,RGC,NA,EPG0,Natural Gas,PS0,Spot Price,RNGWHHD,Henry Hub Natural Gas Spot Price (Dollars per Million Btu),2.28,$/MMBTU
2023-02-21,RGC,NA,EPG0,Natural Gas,PS0,Spot Price,RNGWHHD,Henry Hub Natural Gas Spot Price (Dollars per Million Btu),2.12,$/MMBTU
2023-02-22,RGC,NA,EPG0,Natural Gas,PS0,Spot Price,RNGWHHD,Henry Hub Natural Gas Spot Price (Dollars per Million Btu),2.07,$/MMBTU
2023-02-23,RGC,NA,EPG0,Natural Gas,PS0,Spot Price,RNGWHHD,Henry Hub Natural Gas Spot Price (Dollars per Million Btu),2.17,$/MMBTU
2023-02-24,RGC,NA,EPG0,Natural Gas,PS0,Spot Price,RNGWHHD,Henry Hub Natural Gas Spot Price (Dollars per Million Btu),2.36,$/MMBTU
2023-02-27,RGC,NA,EPG0,Natural Gas,PS0,Spot Price,RNGWHHD,Henry Hub Natural Gas Spot Price (Dollars per Million Btu),2.55,$/MMBTU
2023-02-28,RGC,NA,EPG0,Natural Gas,PS0,Spot Price,RNGWHHD,Henry Hub Natural Gas Spot Price (Dollars per Million Btu),2.5,$/MMBTU
2023-03-01,RGC,NA,EPG0,Natural Gas,PS0,Spot Price,RNGWHHD,Henry Hub Natural Gas Spot Price (Dollars per Million Btu),2.59,$/MMBTU
2023-03-02,RGC,NA,EPG0,Natural Gas,PS0,Spot Price,RNGWHHD,Henry Hub Natural Gas Spot Price (Dollars per Million Btu),2.67,$/MMBTU
2023-03-03,RGC,NA,EPG0,Natural Gas,PS0,Spot Price,RNGWHHD,Henry Hub Natural Gas Spot Price (Dollars per Million Btu),2.66,$/MMBTU
2023-03-06,RGC,NA,EPG0,Natural Gas,PS0,Spot Price,RNGWHHD,Henry Hub Natural Gas Spot Price (Dollars per Million Btu),2.46,$/MMBTU
2023-03-07,RGC,NA,EPG0,Natural Gas,PS0,Spot Price,RNGWHHD,Henry Hub Natural Gas Spot Price (Dollars per Million Btu),2.52,$/MMBTU
2023-03-08,RGC,NA,EPG0,Natural Gas,PS0,Spot Price,RNGWHHD,Henry Hub Natural Gas Spot Price (Dollars per Million Btu),2.5,$/MMBTU
2023-03-09,RGC,NA,EPG0,Natural Gas,PS0,Spot Price,RNGWHHD,Henry Hub Natural Gas Spot Price (Dollars per Million Btu),2.5,$/MMBTU
2023-03-10,RGC,NA,EPG0,Natural Gas,PS0,Spot Price,RNGWHHD,Henry Hub Natural Gas Spot Price (Dollars per Million Btu),2.4,$/MMBTU
2023-03-13,RGC,NA,EPG0,Natural Gas,PS0,Spot Price,RNGWHHD,Henry Hub Natural Gas Spot Price (Dollars per Million Btu),2.4,$/MMBTU
2023-03-14,RGC,NA,EPG0,Natural Gas,PS0,Spot Price,RNGWHHD,Henry Hub Natural Gas Spot Price (Dollars per Million Btu),2.65,$/MMBTU
2023-03-15,RGC,NA,EPG0,Natural Gas,PS0,Spot Price,RNGWHHD,Henry Hub Natural Gas Spot Price (Dollars per Million Btu),2.45,$/MMBTU
2023-03-16,RGC,NA,EPG0,Natural Gas,PS0,Spot Price,RNGWHHD,Henry Hub Natural Gas Spot Price (Dollars per Million Btu),2.45,$/MMBTU
2023-03-17,RGC,NA,EPG0,Natural Gas,PS0,Spot Price,RNGWHHD,Henry Hub Natural Gas Spot Price (Dollars per Million Btu),2.42,$/MMBTU
2023-03-20,RGC,NA,EPG0,Natural Gas,PS0,Spot Price,RNGWHHD,Henry Hub Natural Gas Spot Price (Dollars per Million Btu),2.23,$/MMBTU
2023-03-21,RGC,NA,EPG0,Natural Gas,PS0,Spot Price,RNGWHHD,Henry Hub Natural Gas Spot Price (Dollars per Million Btu),1.93,$/MMBTU
2023-03-22,RGC,NA,EPG0,Natural Gas,PS0,Spot Price,RNGWHHD,Henry Hub Natural Gas Spot Price (Dollars per Million Btu),2.03,$/MMBTU
2023-03-23,RGC,NA,EPG0,Natural Gas,PS0,Spot Price,RNGWHHD,Henry Hub Natural Gas Spot Price (Dollars per Million Btu),2.08,$/MMBTU
2023-03-24,RGC,NA,EPG0,Natural Gas,PS0,Spot Price,RNGWHHD,Henry Hub Natural Gas Spot Price (Dollars per Million Btu),2.04,$/MMBTU
2023-03-27,RGC,NA,EPG0,Natural Gas,PS0,Spot Price,RNGWHHD,Henry Hub Natural Gas Spot Price (Dollars per Million Btu),2.04,$/MMBTU
2023-03-28,RGC,NA,EPG0,Natural Gas,PS0,Spot Price,RNGWHHD,Henry Hub Natural Gas Spot Price (Dollars per Million Btu),2.02,$/MMBTU
2023-03-29,RGC,NA,EPG0,Natural Gas,PS0,Spot Price,RNGWHHD,Henry Hub Natural Gas Spot Price (Dollars per Million Btu),1.94,$/MMBTU
2023-03-30,RGC,NA,EPG0,Natural Gas,PS0,Spot Price,RNGWHHD,Henry Hub Natural Gas Spot Price (Dollars per Million Btu),1.95,$/MMBTU
2023-03-31,RGC,NA,EPG0,Natural Gas,PS0,Spot Price,RNGWHHD,Henry Hub Natural Gas Spot Price (Dollars per Million Btu),2.1,$/MMBTU
2023-04-03,RGC,NA,EPG0,Natural Gas,PS0,Spot Price,RNGWHHD,Henry Hub Natural Gas Spot Price (Dollars per Million Btu),2.09,$/MMBTU
2023-04-04,RGC,NA,EPG0,Natural Gas,PS0,Spot Price,RNGWHHD,Henry Hub Natural Gas Spot Price (Dollars per Million Btu),2.13,$/MMBTU
2023-04-05,RGC,NA,EPG0,Natural Gas,PS0,Spot Price,RNGWHHD,Henry Hub Natural Gas Spot Price (Dollars per Million Btu),2.17,$/MMBTU
2023-04-06,RGC,NA,EPG0,Natural Gas,PS0,Spot Price,RNGWHHD,Henry Hub Natural Gas Spot Price (Dollars per Million Btu),2.18,$/MMBTU
2023-04-10,RGC,NA,EPG0,Natural Gas,PS0,Spot Price,RNGWHHD,Henry Hub Natural Gas Spot Price (Dollars per Million Btu),2.15,$/MMBTU
2023-04-11,RGC,NA,EPG0,Natural Gas,PS0,Spot Price,RNGWHHD,Henry Hub Natural Gas Spot Price (Dollars per Million Btu),2.19,$/MMBTU
2023-04-12,RGC,NA,EPG0,Natural Gas,PS0,Spot Price,RNGWHHD,Henry Hub Natural Gas Spot Price (Dollars per Million Btu),2.22,$/MMBTU
2023-04-13,RGC,NA,EPG0,Natural Gas,PS0,Spot Price,RNGWHHD,Henry Hub Natural Gas Spot Price (Dollars per Million Btu),2.04,$/MMBTU
2023-04-14,RGC,NA,EPG0,Natural Gas,PS0,Spot Price,RNGWHHD,Henry Hub Natural Gas Spot Price (Dollars per Million Btu),1.87,$/MMBTU
2023-04-17,RGC,NA,EPG0,Natural Gas,PS0,Spot Price,RNGWHHD,Henry Hub Natural Gas Spot Price (Dollars per Million Btu),2.21,$/MMBTU
2023-04-18,RGC,NA,EPG0,Natural Gas,PS0,Spot Price,RNGWHHD,Henry Hub Natural Gas Spot Price (Dollars per Million Btu),2.23,$/MMBTU
2023-04-19,RGC,NA,EPG0,Natural Gas,PS0,Spot Price,RNGWHHD,Henry Hub Natural Gas Spot Price (Dollars per Million Btu),2.2,$/MMBTU
2023-04-20,RGC,NA,EPG0,Natural Gas,PS0,Spot Price,RNGWHHD,Henry Hub Natural Gas Spot Price (Dollars per Million Btu),2.19,$/MMBTU
2023-04-21,RGC,NA,EPG0,Natural Gas,PS0,Spot Price,RNGWHHD,Henry Hub Natural Gas Spot Price (Dollars per Million Btu),2.2,$/MMBTU
2023-04-24,RGC,NA,EPG0,Natural Gas,PS0,Spot Price,RNGWHHD,Henry Hub Natural Gas Spot Price (Dollars per Million Btu),2.19,$/MMBTU
2023-04-25,RGC,NA,EPG0,Natural Gas,PS0,Spot Price,RNGWHHD,Henry Hub Natural Gas Spot Price (Dollars per Million Btu),2.21,$/MMBTU
2023-04-26,RGC,NA,EPG0,Natural Gas,PS0,Spot Price,RNGWHHD,Henry Hub Natural Gas Spot Price (Dollars per Million Btu),2.19,$/MMBTU
2023-04-27,RGC,NA,EPG0,Natural Gas,PS0,Spot Price,RNGWHHD,Henry Hub Natural Gas Spot Price (Dollars per Million Btu),2.17,$/MMBTU
2023-04-28,RGC,NA,EPG0,Natural Gas,PS0,Spot Price,RNGWHHD,Henry Hub Natural Gas Spot Price (Dollars per Million Btu),2.27,$/MMBTU
2023-05-01,RGC,NA,EPG0,Natural Gas,PS0,Spot Price,RNGWHHD,Henry Hub Natural Gas Spot Price (Dollars per Million Btu),2.24,$/MMBTU
2023-05-02,RGC,NA,EPG0,Natural Gas,PS0,Spot Price,RNGWHHD,Henry Hub Natural Gas Spot Price (Dollars per Million Btu),2.12,$/MMBTU
2023-05-03,RGC,NA,EPG0,Natural Gas,PS0,Spot Price,RNGWHHD,Henry Hub Natural Gas Spot Price (Dollars per Million Btu),2.01,$/MMBTU
2023-05-04,RGC,NA,EPG0,Natural Gas,PS0,Spot Price,RNGWHHD,Henry Hub Natural Gas Spot Price (Dollars per Million Btu),1.96,$/MMBTU
2023-05-05,RGC,NA,EPG0,Natural Gas,PS0,Spot Price,RNGWHHD,Henry Hub Natural Gas Spot Price (Dollars per Million Btu),1.85,$/MMBTU
2023-05-08,RGC,NA,EPG0,Natural Gas,PS0,Spot Price,RNGWHHD,Henry Hub Natural Gas Spot Price (Dollars per Million Btu),2.12,$/MMBTU
2023-05-09,RGC,NA,EPG0,Natural Gas,PS0,Spot Price,RNGWHHD,Henry Hub Natural Gas Spot Price (Dollars per Million Btu),2.22,$/MMBTU
2023-05-10,RGC,NA,EPG0,Natural Gas,PS0,Spot Price,RNGWHHD,Henry Hub Natural Gas Spot Price (Dollars per Million Btu),2.12,$/MMBTU
2023-05-11,RGC,NA,EPG0,Natural Gas,PS0,Spot Price,RNGWHHD,Henry Hub Natural Gas Spot Price (Dollars per Million Btu),2.07,$/MMBTU
2023-05-12,RGC,NA,EPG0,Natural Gas,PS0,Spot Price,RNGWHHD,Henry Hub Natural Gas Spot Price (Dollars per Million Btu),1.98,$/MMBTU
2023-05-15,RGC,NA,EPG0,Natural Gas,PS0,Spot Price,RNGWHHD,Henry Hub Natural Gas Spot Price (Dollars per Million Btu),2.25,$/MMBTU
2023-05-16,RGC,NA,EPG0,Natural Gas,PS0,Spot Price,RNGWHHD,Henry Hub Natural Gas Spot Price (Dollars per Million Btu),2.28,$/MMBTU
2023-05-17,RGC,NA,EPG0,Natural Gas,PS0,Spot Price,RNGWHHD,Henry Hub Natural Gas Spot Price (Dollars per Million Btu),2.25,$/MMBTU
2023-05-18,RGC,NA,EPG0,Natural Gas,PS0,Spot Price,RNGWHHD,Henry Hub Natural Gas Spot Price (Dollars per Million Btu),2.3,$/MMBTU
2023-05-19,RGC,NA,EPG0,Natural Gas,PS0,Spot Price,RNGWHHD,Henry Hub Natural Gas Spot Price (Dollars per Million Btu),2.37,$/MMBTU
2023-05-22,RGC,NA,EPG0,Natural Gas,PS0,Spot Price,RNGWHHD,Henry Hub Natural Gas Spot Price (Dollars per Million Btu),2.3,$/MMBTU
2023-05-23,RGC,NA,EPG0,Natural Gas,PS0,Spot Price,RNGWHHD,Henry Hub Natural Gas Spot Price (Dollars per Million Btu),2.22,$/MMBTU
2023-05-24,RGC,NA,EPG0,Natural Gas,PS0,Spot Price,RNGWHHD,Henry Hub Natural Gas Spot Price (Dollars per Million Btu),2.25,$/MMBTU
2023-05-25,RGC,NA,EPG0,Natural Gas,PS0,Spot Price,RNGWHHD,Henry Hub Natural Gas Spot Price (Dollars per Million Btu),2.23,$/MMBTU
2023-05-26,RGC,NA,EPG0,Natural Gas,PS0,Spot Price,RNGWHHD,Henry Hub Natural Gas Spot Price (Dollars per Million Btu),1.88,$/MMBTU
2023-05-30,RGC,NA,EPG0,Natural Gas,PS0,Spot Price,RNGWHHD,Henry Hub Natural Gas Spot Price (Dollars per Million Btu),2.11,$/MMBTU
2023-05-31,RGC,NA,EPG0,Natural Gas,PS0,Spot Price,RNGWHHD,Henry Hub Natural Gas Spot Price (Dollars per Million Btu),2.1,$/MMBTU
2023-06-01,RGC,NA,EPG0,Natural Gas,PS0,Spot Price,RNGWHHD,Henry Hub Natural Gas Spot Price (Dollars per Million Btu),1.77,$/MMBTU
2023-06-02,RGC,NA,EPG0,Natural Gas,PS0,Spot Price,RNGWHHD,Henry Hub Natural Gas Spot Price (Dollars per Million Btu),1.74,$/MMBTU
2023-06-05,RGC,NA,EPG0,Natural Gas,PS0,Spot Price,RNGWHHD,Henry Hub Natural Gas Spot Price (Dollars per Million Btu),1.92,$/MMBTU
2023-06-06,RGC,NA,EPG0,Natural Gas,PS0,Spot Price,RNGWHHD,Henry Hub Natural Gas Spot Price (Dollars per Million Btu),1.95,$/MMBTU
2023-06-07,RGC,NA,EPG0,Natural Gas,PS0,Spot Price,RNGWHHD,Henry Hub Natural Gas Spot Price (Dollars per Million Btu),2.13,$/MMBTU
2023-06-08,RGC,NA,EPG0,Natural Gas,PS0,Spot Price,RNGWHHD,Henry Hub Natural Gas Spot Price (Dollars per Million Btu),2.1,$/MMBTU
2023-06-09,RGC,NA,EPG0,Natural Gas,PS0,Spot Price,RNGWHHD,Henry Hub Natural Gas Spot Price (Dollars per Million Btu),1.85,$/MMBTU
2023-06-12,RGC,NA,EPG0,Natural Gas,PS0,Spot Price,RNGWHHD,Henry Hub Natural Gas Spot Price (Dollars per Million Btu),1.9,$/MMBTU
2023-06-13,RGC,NA,EPG0,Natural Gas,PS0,Spot Price,RNGWHHD,Henry Hub Natural Gas Spot Price (Dollars per Million Btu),2,$/MMBTU
2023-06-14,RGC,NA,EPG0,Natural Gas,PS0,Spot Price,RNGWHHD,Henry Hub Natural Gas Spot Price (Dollars per Million Btu),2.05,$/MMBTU
2023-06-15,RGC,NA,EPG0,Natural Gas,PS0,Spot Price,RNGWHHD,Henry Hub Natural Gas Spot Price (Dollars per Million Btu),2.18,$/MMBTU
2023-06-16,RGC,NA,EPG0,Natural Gas,PS0,Spot Price,RNGWHHD,Henry Hub Natural Gas Spot Price (Dollars per Million Btu),2.13,$/MMBTU
2023-06-20,RGC,NA,EPG0,Natural Gas,PS0,Spot Price,RNGWHHD,Henry Hub Natural Gas Spot Price (Dollars per Million Btu),2.38,$/MMBTU
2023-06-21,RGC,NA,EPG0,Natural Gas,PS0,Spot Price,RNGWHHD,Henry Hub Natural Gas Spot Price (Dollars per Million Btu),2.24,$/MMBTU
2023-06-22,RGC,NA,EPG0,Natural Gas,PS0,Spot Price,RNGWHHD,Henry Hub Natural Gas Spot Price (Dollars per Million Btu),2.27,$/MMBTU
2023-06-23,RGC,NA,EPG0,Natural Gas,PS0,Spot Price,RNGWHHD,Henry Hub Natural Gas Spot Price (Dollars per Million Btu),2.22,$/MMBTU
2023-06-26,RGC,NA,EPG0,Natural Gas,PS0,Spot Price,RNGWHHD,Henry Hub Natural Gas Spot Price (Dollars per Million Btu),2.62,$/MMBTU
2023-06-27,RGC,NA,EPG0,Natural Gas,PS0,Spot Price,RNGWHHD,Henry Hub Natural Gas Spot Price (Dollars per Million Btu),2.68,$/MMBTU
2023-06-28,RGC,NA,EPG0,Natural Gas,PS0,Spot Price,RNGWHHD,Henry Hub Natural Gas Spot Price (Dollars per Million Btu),2.71,$/MMBTU
2023-06-29,RGC,NA,EPG0,Natural Gas,PS0,Spot Price,RNGWHHD,Henry Hub Natural Gas Spot Price (Dollars per Million Btu),2.4,$/MMBTU
2023-06-30,RGC,NA,EPG0,Natural Gas,PS0,Spot Price,RNGWHHD,Henry Hub Natural Gas Spot Price (Dollars per Million Btu),2.48,$/MMBTU
2023-07-03,RGC,NA,EPG0,Natural Gas,PS0,Spot Price,RNGWHHD,Henry Hub Natural Gas Spot Price (Dollars per Million Btu),2.48,$/MMBTU
2023-07-05,RGC,NA,EPG0,Natural Gas,PS0,Spot Price,RNGWHHD,Henry Hub Natural Gas Spot Price (Dollars per Million Btu),2.65,$/MMBTU
2023-07-06,RGC,NA,EPG0,Natural Gas,PS0,Spot Price,RNGWHHD,Henry Hub Natural Gas Spot Price (Dollars per Million Btu),2.5,$/MMBTU
2023-07-07,RGC,NA,EPG0,Natural Gas,PS0,Spot Price,RNGWHHD,Henry Hub Natural Gas Spot Price (Dollars per Million Btu),2.49,$/MMBTU
2023-07-10,RGC,NA,EPG0,Natural Gas,PS0,Spot Price,RNGWHHD,Henry Hub Natural Gas Spot Price (Dollars per Million Btu),2.55,$/MMBTU
2023-07-11,RGC,NA,EPG0,Natural Gas,PS0,Spot Price,RNGWHHD,Henry Hub Natural Gas Spot Price (Dollars per Million Btu),2.57,$/MMBTU
2023-07-12,RGC,NA,EPG0,Natural Gas,PS0,Spot Price,RNGWHHD,Henry Hub Natural Gas Spot Price (Dollars per Million Btu),2.55,$/MMBTU
2023-07-13,RGC,NA,EPG0,Natural Gas,PS0,Spot Price,RNGWHHD,Henry Hub Natural Gas Spot Price (Dollars per Million Btu),2.5,$/MMBTU
2023-07-14,RGC,NA,EPG0,Natural Gas,PS0,Spot Price,RNGWHHD,Henry Hub Natural Gas Spot Price (Dollars per Million Btu),2.5,$/MMBTU
2023-07-17,RGC,NA,EPG0,Natural Gas,PS0,Spot Price,RNGWHHD,Henry Hub Natural Gas Spot Price (Dollars per Million Btu),2.46,$/MMBTU
2023-07-18,RGC,NA,EPG0,Natural Gas,PS0,Spot Price,RNGWHHD,Henry Hub Natural Gas Spot Price (Dollars per Million Btu),2.52,$/MMBTU
2023-07-19,RGC,NA,EPG0,Natural Gas,PS0,Spot Price,RNGWHHD,Henry Hub Natural Gas Spot Price (Dollars per Million Btu),2.51,$/MMBTU
2023-07-20,RGC,NA,EPG0,Natural Gas,PS0,Spot Price,RNGWHHD,Henry Hub Natural Gas Spot Price (Dollars per Million Btu),2.61,$/MMBTU
2023-07-21,RGC,NA,EPG0,Natural Gas,PS0,Spot Price,RNGWHHD,Henry Hub Natural Gas Spot Price (Dollars per Million Btu),2.61,$/MMBTU
2023-07-24,RGC,NA,EPG0,Natural Gas,PS0,Spot Price,RNGWHHD,Henry Hub Natural Gas Spot Price (Dollars per Million Btu),2.68,$/MMBTU
2023-07-25,RGC,NA,EPG0,Natural Gas,PS0,Spot Price,RNGWHHD,Henry Hub Natural Gas Spot Price (Dollars per Million Btu),2.66,$/MMBTU
2023-07-26,RGC,NA,EPG0,Natural Gas,PS0,Spot Price,RNGWHHD,Henry Hub Natural Gas Spot Price (Dollars per Million Btu),2.6,$/MMBTU
2023-07-27,RGC,NA,EPG0,Natural Gas,PS0,Spot Price,RNGWHHD,Henry Hub Natural Gas Spot Price (Dollars per Million Btu),2.47,$/MMBTU
2023-07-28,RGC,NA,EPG0,Natural Gas,PS0,Spot Price,RNGWHHD,Henry Hub Natural Gas Spot Price (Dollars per Million Btu),2.53,$/MMBTU
2023-07-31,RGC,NA,EPG0,Natural Gas,PS0,Spot Price,RNGWHHD,Henry Hub Natural Gas Spot Price (Dollars per Million Btu),2.58,$/MMBTU
2023-08-01,RGC,NA,EPG0,Natural Gas,PS0,Spot Price,RNGWHHD,Henry Hub Natural Gas Spot Price (Dollars per Million Btu),2.49,$/MMBTU
2023-08-02,RGC,NA,EPG0,Natural Gas,PS0,Spot Price,RNGWHHD,Henry Hub Natural Gas Spot Price (Dollars per Million Btu),2.43,$/MMBTU
2023-08-03,RGC,NA,EPG0,Natural Gas,PS0,Spot Price,RNGWHHD,Henry Hub Natural Gas Spot Price (Dollars per Million Btu),2.44,$/MMBTU
2023-08-04,RGC,NA,EPG0,Natural Gas,PS0,Spot Price,RNGWHHD,Henry Hub Natural Gas Spot Price (Dollars per Million Btu),2.53,$/MMBTU
2023-08-07,RGC,NA,EPG0,Natural Gas,PS0,Spot Price,RNGWHHD,Henry Hub Natural Gas Spot Price (Dollars per Million Btu),2.65,$/MMBTU
2023-08-08,RGC,NA,EPG0,Natural Gas,PS0,Spot Price,RNGWHHD,Henry Hub Natural Gas Spot Price (Dollars per Million Btu),2.77,$/MMBTU
2023-08-09,RGC,NA,EPG0,Natural Gas,PS0,Spot Price,RNGWHHD,Henry Hub Natural Gas Spot Price (Dollars per Million Btu),2.92,$/MMBTU
2023-08-10,RGC,NA,EPG0,Natural Gas,PS0,Spot Price,RNGWHHD,Henry Hub Natural Gas Spot Price (Dollars per Million Btu),2.83,$/MMBTU
2023-08-11,RGC,NA,EPG0,Natural Gas,PS0,Spot Price,RNGWHHD,Henry Hub Natural Gas Spot Price (Dollars per Million Btu),2.61,$/MMBTU
2023-08-14,RGC,NA,EPG0,Natural Gas,PS0,Spot Price,RNGWHHD,Henry Hub Natural Gas Spot Price (Dollars per Million Btu),2.74,$/MMBTU
2023-08-15,RGC,NA,EPG0,Natural Gas,PS0,Spot Price,RNGWHHD,Henry Hub Natural Gas Spot Price (Dollars per Million Btu),2.65,$/MMBTU
2023-08-16,RGC,NA,EPG0,Natural Gas,PS0,Spot Price,RNGWHHD,Henry Hub Natural Gas Spot Price (Dollars per Million Btu),2.55,$/MMBTU
2023-08-17,RGC,NA,EPG0,Natural Gas,PS0,Spot Price,RNGWHHD,Henry Hub Natural Gas Spot Price (Dollars per Million Btu),2.56,$/MMBTU
2023-08-18,RGC,NA,EPG0,Natural Gas,PS0,Spot Price,RNGWHHD,Henry Hub Natural Gas Spot Price (Dollars per Million Btu),2.44,$/MMBTU
2023-08-21,RGC,NA,EPG0,Natural Gas,PS0,Spot Price,RNGWHHD,Henry Hub Natural Gas Spot Price (Dollars per Million Btu),2.6,$/MMBTU
2023-08-22,RGC,NA,EPG0,Natural Gas,PS0,Spot Price,RNGWHHD,Henry Hub Natural Gas Spot Price (Dollars per Million Btu),2.58,$/MMBTU
2023-08-23,RGC,NA,EPG0,Natural Gas,PS0,Spot Price,RNGWHHD,Henry Hub Natural Gas Spot Price (Dollars per Million Btu),2.6,$/MMBTU
2023-08-24,RGC,NA,EPG0,Natural Gas,PS0,Spot Price,RNGWHHD,Henry Hub Natural Gas Spot Price (Dollars per Million Btu),2.42,$/MMBTU
2023-08-25,RGC,NA,EPG0,Natural Gas,PS0,Spot Price,RNGWHHD,Henry Hub Natural Gas Spot Price (Dollars per Million Btu),2.46,$/MMBTU
2023-08-28,RGC,NA,EPG0,Natural Gas,PS0,Spot Price,RNGWHHD,Henry Hub Natural Gas Spot Price (Dollars per Million Btu),2.6,$/MMBTU
2023-08-29,RGC,NA,EPG0,Natural Gas,PS0,Spot Price,RNGWHHD,Henry Hub Natural Gas Spot Price (Dollars per Million Btu),2.5,$/MMBTU
2023-08-30,RGC,NA,EPG0,Natural Gas,PS0,Spot Price,RNGWHHD,Henry Hub Natural Gas Spot Price (Dollars per Million Btu),2.48,$/MMBTU
2023-08-31,RGC,NA,EPG0,Natural Gas,PS0,Spot Price,RNGWHHD,Henry Hub Natural Gas Spot Price (Dollars per Million Btu),2.56,$/MMBTU
2023-09-01,RGC,NA,EPG0,Natural Gas,PS0,Spot Price,RNGWHHD,Henry Hub Natural Gas Spot Price (Dollars per Million Btu),2.7,$/MMBTU
2023-09-05,RGC,NA,EPG0,Natural Gas,PS0,Spot Price,RNGWHHD,Henry Hub Natural Gas Spot Price (Dollars per Million Btu),2.6,$/MMBTU
2023-09-06,RGC,NA,EPG0,Natural Gas,PS0,Spot Price,RNGWHHD,Henry Hub Natural Gas Spot Price (Dollars per Million Btu),2.49,$/MMBTU
2023-09-07,RGC,NA,EPG0,Natural Gas,PS0,Spot Price,RNGWHHD,Henry Hub Natural Gas Spot Price (Dollars per Million Btu),2.45,$/MMBTU
2023-09-08,RGC,NA,EPG0,Natural Gas,PS0,Spot Price,RNGWHHD,Henry Hub Natural Gas Spot Price (Dollars per Million Btu),2.53,$/MMBTU
2023-09-11,RGC,NA,EPG0,Natural Gas,PS0,Spot Price,RNGWHHD,Henry Hub Natural Gas Spot Price (Dollars per Million Btu),2.5,$/MMBTU
2023-09-12,RGC,NA,EPG0,Natural Gas,PS0,Spot Price,RNGWHHD,Henry Hub Natural Gas Spot Price (Dollars per Million Btu),2.72,$/MMBTU
2023-09-13,RGC,NA,EPG0,Natural Gas,PS0,Spot Price,RNGWHHD,Henry Hub Natural Gas Spot Price (Dollars per Million Btu),2.76,$/MMBTU
2023-09-14,RGC,NA,EPG0,Natural Gas,PS0,Spot Price,RNGWHHD,Henry Hub Natural Gas Spot Price (Dollars per Million Btu),2.81,$/MMBTU
2023-09-15,RGC,NA,EPG0,Natural Gas,PS0,Spot Price,RNGWHHD,Henry Hub Natural Gas Spot Price (Dollars per Million Btu),2.74,$/MMBTU
2023-09-18,RGC,NA,EPG0,Natural Gas,PS0,Spot Price,RNGWHHD,Henry Hub Natural Gas Spot Price (Dollars per Million Btu),2.54,$/MMBTU
2023-09-19,RGC,NA,EPG0,Natural Gas,PS0,Spot Price,RNGWHHD,Henry Hub Natural Gas Spot Price (Dollars per Million Btu),2.46,$/MMBTU
2023-09-20,RGC,NA,EPG0,Natural Gas,PS0,Spot Price,RNGWHHD,Henry Hub Natural Gas Spot Price (Dollars per Million Btu),2.78,$/MMBTU
2023-09-21,RGC,NA,EPG0,Natural Gas,PS0,Spot Price,RNGWHHD,Henry Hub Natural Gas Spot Price (Dollars per Million Btu),2.7,$/MMBTU
2023-09-22,RGC,NA,EPG0,Natural Gas,PS0,Spot Price,RNGWHHD,Henry Hub Natural Gas Spot Price (Dollars per Million Btu),2.63,$/MMBTU
2023-09-25,RGC,NA,EPG0,Natural Gas,PS0,Spot Price,RNGWHHD,Henry Hub Natural Gas Spot Price (Dollars per Million Btu),2.63,$/MMBTU
2023-09-26,RGC,NA,EPG0,Natural Gas,PS0,Spot Price,RNGWHHD,Henry Hub Natural Gas Spot Price (Dollars per Million Btu),2.55,$/MMBTU
2023-09-27,RGC,NA,EPG0,Natural Gas,PS0,Spot Price,RNGWHHD,Henry Hub Natural Gas Spot Price (Dollars per Million Btu),2.72,$/MMBTU
2023-09-28,RGC,NA,EPG0,Natural Gas,PS0,Spot Price,RNGWHHD,Henry Hub Natural Gas Spot Price (Dollars per Million Btu),2.74,$/MMBTU
2023-09-29,RGC,NA,EPG0,Natural Gas,PS0,Spot Price,RNGWHHD,Henry Hub Natural Gas Spot Price (Dollars per Million Btu),2.68,$/MMBTU
2023-10-02,RGC,NA,EPG0,Natural Gas,PS0,Spot Price,RNGWHHD,Henry Hub Natural Gas Spot Price (Dollars per Million Btu),2.7,$/MMBTU
2023-10-03,RGC,NA,EPG0,Natural Gas,PS0,Spot Price,RNGWHHD,Henry Hub Natural Gas Spot Price (Dollars per Million Btu),2.71,$/MMBTU
2023-10-04,RGC,NA,EPG0,Natural Gas,PS0,Spot Price,RNGWHHD,Henry Hub Natural Gas Spot Price (Dollars per Million Btu),2.92,$/MMBTU
2023-10-05,RGC,NA,EPG0,Natural Gas,PS0,Spot Price,RNGWHHD,Henry Hub Natural Gas Spot Price (Dollars per Million Btu),2.92,$/MMBTU
2023-10-06,RGC,NA,EPG0,Natural Gas,PS0,Spot Price,RNGWHHD,Henry Hub Natural Gas Spot Price (Dollars per Million Btu),3.3,$/MMBTU
2023-10-10,RGC,NA,EPG0,Natural Gas,PS0,Spot Price,RNGWHHD,Henry Hub Natural Gas Spot Price (Dollars per Million Btu),3.34,$/MMBTU
2023-10-11,RGC,NA,EPG0,Natural Gas,PS0,Spot Price,RNGWHHD,Henry Hub Natural Gas Spot Price (Dollars per Million Btu),3.19,$/MMBTU
2023-10-12,RGC,NA,EPG0,Natural Gas,PS0,Spot Price,RNGWHHD,Henry Hub Natural Gas Spot Price (Dollars per Million Btu),3.16,$/MMBTU
2023-10-13,RGC,NA,EPG0,Natural Gas,PS0,Spot Price,RNGWHHD,Henry Hub Natural Gas Spot Price (Dollars per Million Btu),3.11,$/MMBTU
2023-10-16,RGC,NA,EPG0,Natural Gas,PS0,Spot Price,RNGWHHD,Henry Hub Natural Gas Spot Price (Dollars per Million Btu),2.98,$/MMBTU
2023-10-17,RGC,NA,EPG0,Natural Gas,PS0,Spot Price,RNGWHHD,Henry Hub Natural Gas Spot Price (Dollars per Million Btu),2.94,$/MMBTU
2023-10-18,RGC,NA,EPG0,Natural Gas,PS0,Spot Price,RNGWHHD,Henry Hub Natural Gas Spot Price (Dollars per Million Btu),2.92,$/MMBTU
2023-10-19,RGC,NA,EPG0,Natural Gas,PS0,Spot Price,RNGWHHD,Henry Hub Natural Gas Spot Price (Dollars per Million Btu),2.84,$/MMBTU
2023-10-20,RGC,NA,EPG0,Natural Gas,PS0,Spot Price,RNGWHHD,Henry Hub Natural Gas Spot Price (Dollars per Million Btu),2.6,$/MMBTU
2023-10-23,RGC,NA,EPG0,Natural Gas,PS0,Spot Price,RNGWHHD,Henry Hub Natural Gas Spot Price (Dollars per Million Btu),2.65,$/MMBTU
2023-10-24,RGC,NA,EPG0,Natural Gas,PS0,Spot Price,RNGWHHD,Henry Hub Natural Gas Spot Price (Dollars per Million Btu),2.85,$/MMBTU
2023-10-25,RGC,NA,EPG0,Natural Gas,PS0,Spot Price,RNGWHHD,Henry Hub Natural Gas Spot Price (Dollars per Million Btu),2.86,$/MMBTU
2023-10-26,RGC,NA,EPG0,Natural Gas,PS0,Spot Price,RNGWHHD,Henry Hub Natural Gas Spot Price (Dollars per Million Btu),2.87,$/MMBTU
2023-10-27,RGC,NA,EPG0,Natural Gas,PS0,Spot Price,RNGWHHD,Henry Hub Natural Gas Spot Price (Dollars per Million Btu),3.24,$/MMBTU
2023-10-30,RGC,NA,EPG0,Natural Gas,PS0,Spot Price,RNGWHHD,Henry Hub Natural Gas Spot Price (Dollars per Million Btu),3.17,$/MMBTU
2023-10-31,RGC,NA,EPG0,Natural Gas,PS0,Spot Price,RNGWHHD,Henry Hub Natural Gas Spot Price (Dollars per Million Btu),3.34,$/MMBTU
2023-11-01,RGC,NA,EPG0,Natural Gas,PS0,Spot Price,RNGWHHD,Henry Hub Natural Gas Spot Price (Dollars per Million Btu),3.19,$/MMBTU
2023-11-02,RGC,NA,EPG0,Natural Gas,PS0,Spot Price,RNGWHHD,Henry Hub Natural Gas Spot Price (Dollars per Million Btu),3.12,$/MMBTU
2023-11-03,RGC,NA,EPG0,Natural Gas,PS0,Spot Price,RNGWHHD,Henry Hub Natural Gas Spot Price (Dollars per Million Btu),3,$/MMBTU
2023-11-06,RGC,NA,EPG0,Natural Gas,PS0,Spot Price,RNGWHHD,Henry Hub Natural Gas Spot Price (Dollars per Million Btu),2.71,$/MMBTU
2023-11-07,RGC,NA,EPG0,Natural Gas,PS0,Spot Price,RNGWHHD,Henry Hub Natural Gas Spot Price (Dollars per Million Btu),2,$/MMBTU
2023-11-08,RGC,NA,EPG0,Natural Gas,PS0,Spot Price,RNGWHHD,Henry Hub Natural Gas Spot Price (Dollars per Million Btu),2.18,$/MMBTU
2023-11-09,RGC,NA,EPG0,Natural Gas,PS0,Spot Price,RNGWHHD,Henry Hub Natural Gas Spot Price (Dollars per Million Btu),2.71,$/MMBTU
2023-11-10,RGC,NA,EPG0,Natural Gas,PS0,Spot Price,RNGWHHD,Henry Hub Natural Gas Spot Price (Dollars per Million Btu),2.71,$/MMBTU
2023-11-13,RGC,NA,EPG0,Natural Gas,PS0,Spot Price,RNGWHHD,Henry Hub Natural Gas Spot Price (Dollars per Million Btu),2.61,$/MMBTU
2023-11-14,RGC,NA,EPG0,Natural Gas,PS0,Spot Price,RNGWHHD,Henry Hub Natural Gas Spot Price (Dollars per Million Btu),2.69,$/MMBTU
2023-11-15,RGC,NA,EPG0,Natural Gas,PS0,Spot Price,RNGWHHD,Henry Hub Natural Gas Spot Price (Dollars per Million Btu),2.88,$/MMBTU
2023-11-16,RGC,NA,EPG0,Natural Gas,PS0,Spot Price,RNGWHHD,Henry Hub Natural Gas Spot Price (Dollars per Million Btu),2.91,$/MMBTU
2023-11-17,RGC,NA,EPG0,Natural Gas,PS0,Spot Price,RNGWHHD,Henry Hub Natural Gas Spot Price (Dollars per Million Btu),2.62,$/MMBTU
2023-11-20,RGC,NA,EPG0,Natural Gas,PS0,Spot Price,RNGWHHD,Henry Hub Natural Gas Spot Price (Dollars per Million Btu),2.49,$/MMBTU
2023-11-21,RGC,NA,EPG0,Natural Gas,PS0,Spot Price,RNGWHHD,Henry Hub Natural Gas Spot Price (Dollars per Million Btu),2.63,$/MMBTU
2023-11-22,RGC,NA,EPG0,Natural Gas,PS0,Spot Price,RNGWHHD,Henry Hub Natural Gas Spot Price (Dollars per Million Btu),2.72,$/MMBTU
2023-11-24,RGC,NA,EPG0,Natural Gas,PS0,Spot Price,RNGWHHD,Henry Hub Natural Gas Spot Price (Dollars per Million Btu),2.72,$/MMBTU
2023-11-27,RGC,NA,EPG0,Natural Gas,PS0,Spot Price,RNGWHHD,Henry Hub Natural Gas Spot Price (Dollars per Million Btu),2.74,$/MMBTU
2023-11-28,RGC,NA,EPG0,Natural Gas,PS0,Spot Price,RNGWHHD,Henry Hub Natural Gas Spot Price (Dollars per Million Btu),2.78,$/MMBTU
2023-11-29,RGC,NA,EPG0,Natural Gas,PS0,Spot Price,RNGWHHD,Henry Hub Natural Gas Spot Price (Dollars per Million Btu),2.7,$/MMBTU
2023-11-30,RGC,NA,EPG0,Natural Gas,PS0,Spot Price,RNGWHHD,Henry Hub Natural Gas Spot Price (Dollars per Million Btu),2.75,$/MMBTU
2023-12-01,RGC,NA,EPG0,Natural Gas,PS0,Spot Price,RNGWHHD,Henry Hub Natural Gas Spot Price (Dollars per Million Btu),2.63,$/MMBTU
2023-12-04,RGC,NA,EPG0,Natural Gas,PS0,Spot Price,RNGWHHD,Henry Hub Natural Gas Spot Price (Dollars per Million Btu),2.55,$/MMBTU
2023-12-05,RGC,NA,EPG0,Natural Gas,PS0,Spot Price,RNGWHHD,Henry Hub Natural Gas Spot Price (Dollars per Million Btu),2.72,$/MMBTU
2023-12-06,RGC,NA,EPG0,Natural Gas,PS0,Spot Price,RNGWHHD,Henry Hub Natural Gas Spot Price (Dollars per Million Btu),2.76,$/MMBTU
2023-12-07,RGC,NA,EPG0,Natural Gas,PS0,Spot Price,RNGWHHD,Henry Hub Natural Gas Spot Price (Dollars per Million Btu),2.52,$/MMBTU
2023-12-08,RGC,NA,EPG0,Natural Gas,PS0,Spot Price,RNGWHHD,Henry Hub Natural Gas Spot Price (Dollars per Million Btu),2.57,$/MMBTU
2023-12-11,RGC,NA,EPG0,Natural Gas,PS0,Spot Price,RNGWHHD,Henry Hub Natural Gas Spot Price (Dollars per Million Btu),2.39,$/MMBTU
2023-12-12,RGC,NA,EPG0,Natural Gas,PS0,Spot Price,RNGWHHD,Henry Hub Natural Gas Spot Price (Dollars per Million Btu),2.37,$/MMBTU
2023-12-13,RGC,NA,EPG0,Natural Gas,PS0,Spot Price,RNGWHHD,Henry Hub Natural Gas Spot Price (Dollars per Million Btu),2.33,$/MMBTU
2023-12-14,RGC,NA,EPG0,Natural Gas,PS0,Spot Price,RNGWHHD,Henry Hub Natural Gas Spot Price (Dollars per Million Btu),2.39,$/MMBTU
2023-12-15,RGC,NA,EPG0,Natural Gas,PS0,Spot Price,RNGWHHD,Henry Hub Natural Gas Spot Price (Dollars per Million Btu),2.44,$/MMBTU
2023-12-18,RGC,NA,EPG0,Natural Gas,PS0,Spot Price,RNGWHHD,Henry Hub Natural Gas Spot Price (Dollars per Million Btu),2.59,$/MMBTU
2023-12-19,RGC,NA,EPG0,Natural Gas,PS0,Spot Price,RNGWHHD,Henry Hub Natural Gas Spot Price (Dollars per Million Btu),2.44,$/MMBTU
2023-12-20,RGC,NA,EPG0,Natural Gas,PS0,Spot Price,RNGWHHD,Henry Hub Natural Gas Spot Price (Dollars per Million Btu),2.48,$/MMBTU
2023-12-21,RGC,NA,EPG0,Natural Gas,PS0,Spot Price,RNGWHHD,Henry Hub Natural Gas Spot Price (Dollars per Million Btu),2.48,$/MMBTU
2023-12-22,RGC,NA,EPG0,Natural Gas,PS0,Spot Price,RNGWHHD,Henry Hub Natural Gas Spot Price (Dollars per Million Btu),2.54,$/MMBTU
2023-12-26,RGC,NA,EPG0,Natural Gas,PS0,Spot Price,RNGWHHD,Henry Hub Natural Gas Spot Price (Dollars per Million Btu),2.5,$/MMBTU
2023-12-27,RGC,NA,EPG0,Natural Gas,PS0,Spot Price,RNGWHHD,Henry Hub Natural Gas Spot Price (Dollars per Million Btu),2.63,$/MMBTU
2023-12-28,RGC,NA,EPG0,Natural Gas,PS0,Spot Price,RNGWHHD,Henry Hub Natural Gas Spot Price (Dollars per Million Btu),2.55,$/MMBTU
2023-12-29,RGC,NA,EPG0,Natural Gas,PS0,Spot Price,RNGWHHD,Henry Hub Natural Gas Spot Price (Dollars per Million Btu),2.58,$/MMBTU
